OBJECT_NAME,OBJECT_ID,EPOCH,MEAN_MOTION,ECCENTRICITY,INCLINATION,RA_OF_ASC_NODE,ARG_OF_PERICENTER,MEAN_ANOMALY,EPHEMERIS_TYPE,CLASSIFICATION_TYPE,NORAD_CAT_ID,ELEMENT_SET_NO,REV_AT_EPOCH,BSTAR,MEAN_MOTION_DOT,MEAN_MOTION_DDOT
CUTE-1 (CO-55),2003-031E,2026-09-23T12:33:06.304032,14.24384900,.00083972,98.6773,273.8631,259.0407,100.9827,0,U,27844,999,20567,.1042498E-3,.197E-5,0
CUBESAT XI-IV (CO-57),2003-031J,2026-09-22T00:21:23.372640,14.23662511,.0008342,98.6806,272.0080,285.8833,74.1426,0,U,27848,999,20515,.86416554E-4,.153E-5,0
CUBESAT XI-V,2005-043F,2026-09-22T10:08:26.508192,14.72839267,.00128223,98.3110,63.1755,255.8942,104.0840,0,U,28895,999,11606,.13978346E-3,.842E-5,0
CUTE-1.7+APD II (CO-65),2008-021C,2026-09-23T14:20:53.273184,15.10223719,.00102327,97.8386,250.1805,59.9180,300.3062,0,U,32785,999,5,.20842782E-3,.3343E-4,0
CANX-2,2008-021H,2026-09-23T11:53:28.345344,15.06192723,.00117294,97.8754,248.2860,74.1327,286.1191,0,U,32790,999,99960,.22347407E-3,.3213E-4,0
SEEDS II (CO-66),2008-021J,2026-09-23T13:10:38.212032,15.35812597,.00019122,97.7569,269.4093,24.2678,335.8654,0,U,32791,999,236,.40659137E-3,.14091E-3,0
SWISSCUBE,2009-051B,2026-09-23T04:55:42.714336,14.62634659,.00054408,98.3942,175.7608,270.2038,89.8540,0,U,35932,999,90348,.13369407E-3,.63E-5,0
BEESAT-1,2009-051C,2026-09-23T04:45:26.469792,14.61848896,.00040582,98.3867,175.1807,289.6917,70.3846,0,U,35933,999,90350,.11503926E-3,.526E-5,0
ITUPSAT1,2009-051E,2026-09-23T09:53:41.000640,14.60559916,.00063632,98.3946,174.4826,300.6009,59.4563,0,U,35935,999,90307,.11229857E-3,.497E-5,0
TISAT 1,2010-035E,2026-09-23T07:44:11.578272,15.35240691,.00006895,98.0780,221.8960,138.3297,221.7997,0,U,36799,999,88274,.46961701E-3,.15992E-3,0
STRAND-1,2013-009E,2026-09-23T10:18:56.464416,14.37210039,.00076164,98.3970,84.2858,301.8129,58.2316,0,U,39090,999,71117,.73562447E-4,.176E-5,0
BRITE-AUSTRIA,2013-009F,2026-09-23T11:39:23.581440,14.36573743,.00092689,98.4048,83.5291,311.3890,48.6499,0,U,39091,999,71116,.52907069E-4,.113E-5,0
NEE-01 PEGASO,2013-018B,2026-09-22T09:19:42.813408,14.94049271,.00119479,98.1363,52.8619,198.4714,161.6072,0,U,39151,999,72521,.13716577E-3,.1403E-4,0
POPACS 2,2013-055E,2026-09-23T07:24:44.313408,14.94099240,.04050885,80.9921,31.6034,237.9812,118.1453,0,U,39269,999,67785,.2499019E-3,.15104E-3,0
POPACS 3,2013-055F,2026-09-23T07:54:16.590816,14.57552633,.05461214,80.9990,122.6323,130.4453,234.5721,0,U,39270,999,65284,.16874221E-3,.7248E-4,0
ZACUBE-1 (TSHEPISOSAT),2013-066B,2026-09-23T10:30:11.023776,15.01868012,.00385575,97.8162,229.2982,283.7792,75.9142,0,U,39417,999,69547,.26441589E-3,.3443E-4,0
WNISAT-1,2013-066H,2026-09-22T04:09:17.587872,14.58199285,.01613639,97.7346,47.5281,286.5666,71.7865,0,U,39423,999,68086,.85369623E-4,.419E-5,0
TRITON-1,2013-066M,2026-09-23T14:37:06.899232,14.82069115,.00878035,97.8147,174.1428,273.6679,85.4497,0,U,39427,999,68866,.97301736E-4,.767E-5,0
GOMX-1,2013-066Q,2026-09-23T12:06:20.049408,14.69716674,.01291497,97.6436,100.7703,121.0913,240.3042,0,U,39430,999,68435,.1571643E-3,.1014E-4,0
CUBEBUG-2 (LO-74),2013-066AA,2026-09-23T07:30:02.494368,14.94309385,.00583457,97.8993,215.7887,62.5092,298.2042,0,U,39440,999,69164,.22980071E-3,.2491E-4,0
NEE-02 KRYSAOR,2013-066AB,2026-09-23T06:22:03.753408,14.86926531,.00670944,97.8948,204.8271,107.5037,253.3525,0,U,39441,999,69077,.14357684E-3,.1278E-4,0
FUNCUBE-1 (AO-73),2013-066AE,2026-09-23T10:57:29.341440,15.10675209,.00338239,97.8393,240.1030,226.9327,132.9070,0,U,39444,999,69449,.28818193E-3,.4764E-4,0
UWE-3,2013-066AG,2026-09-23T10:51:12.328128,14.97611959,.00484204,97.8818,223.2801,354.1300,5.9348,0,U,39446,999,69228,.23930453E-3,.2801E-4,0
BRITE-CA1 (TORONTO),2014-033L,2026-09-23T03:28:08.656032,14.72821049,.00775547,97.9868,33.3427,324.1396,35.4619,0,U,40020,999,65663,.74818338E-4,.447E-5,0
NANOSATC-BR1,2014-033Q,2026-09-23T06:01:36.628032,15.34259402,.00035641,98.0649,307.5133,177.7346,182.3912,0,U,40024,999,66900,.34062585E-3,.11213E-3,0
QB50P1,2014-033R,2026-09-23T07:21:32.652288,15.19534570,.00070463,98.0968,284.4370,244.3334,115.7171,0,U,40025,999,66792,.22435966E-3,.4692E-4,0
QB50P2,2014-033Y,2026-09-23T11:07:24.601152,15.16264034,.00069144,98.0811,269.5823,186.9465,173.1672,0,U,40032,999,66755,.23830575E-3,.4538E-4,0
PERSEUS-M2,2014-033AD,2026-09-23T14:38:50.547264,14.95751501,.00113237,98.0052,219.2182,339.9313,20.1460,0,U,40037,999,66549,.92615251E-4,.972E-5,0
PERSEUS-M1,2014-033AF,2026-09-23T07:22:17.514624,14.95894692,.00110076,97.9723,212.1027,338.3635,21.7119,0,U,40039,999,66530,.86606509E-4,.908E-5,0
POLYITAN-1,2014-033AJ,2026-09-23T13:26:48.752736,15.36349199,.00072916,98.0887,302.3489,152.2685,207.8948,0,U,40042,999,66868,.36597822E-3,.12897E-3,0
TIGRISAT,2014-033AK,2026-09-23T11:20:02.798304,14.85458730,.0050225,97.7971,54.3350,111.5793,249.0785,0,U,40043,999,66021,.17233278E-3,.1465E-4,0
AEROCUBE 6A,2014-033AM,2026-09-23T10:43:46.414272,14.98971066,.00381436,97.7311,72.4757,45.4886,314.9443,0,U,40045,999,66133,.26875098E-3,.3242E-4,0
AEROCUBE 6B,2014-033AN,2026-09-23T10:03:57.836160,15.00514726,.00409041,97.7367,72.4277,30.6340,329.7260,0,U,40046,999,66148,.35054561E-3,.4434E-4,0
CANX-4,2014-034C,2026-09-23T13:38:13.803648,14.81404343,.00139005,98.2947,145.4183,57.6456,302.6099,0,U,40055,999,65909,.80736593E-4,.575E-5,0
CANX-5,2014-034D,2026-09-23T13:34:18.679008,14.81421765,.00139037,98.2951,145.4649,57.7972,302.4585,0,U,40056,999,64990,.80718791E-4,.575E-5,0
UKUBE-1,2014-037F,2026-09-23T13:31:05.702880,15.14823456,.00018922,98.4265,280.2946,141.4747,218.6618,0,U,40074,999,66344,.27798339E-3,.5085E-4,0
BRITE-PL2 (HEWELIUSZ),2014-049B,2026-09-23T13:51:49.779072,14.94876571,.00147844,97.9173,19.3969,139.2275,221.0055,0,U,40119,999,65614,.10864983E-3,.1126E-4,0
AEROCUBE 5C,2015-058B,2026-09-23T14:07:52.475520,14.91886536,.01386572,64.7664,316.3447,26.2460,334.5591,0,U,40965,999,38033,.1197396E-3,.1274E-4,0
AEROCUBE 7,2015-058C,2026-09-23T11:57:03.278304,14.96339613,.01282921,64.7602,296.7121,24.3442,336.3659,0,U,40966,999,38066,.17926145E-3,.2214E-4,0
FOX-1A (AO-85),2015-058D,2026-09-23T12:49:02.122176,14.91411506,.01392157,64.7750,333.2272,19.8870,340.7592,0,U,40967,999,12823,.11609308E-3,.1215E-4,0
SINOD-D 1,2015-058E,2026-09-23T11:07:49.312416,14.96534098,.01279562,64.7737,310.9733,16.0777,344.4339,0,U,40968,999,13136,.16958429E-3,.2093E-4,0
LMRST-SAT,2015-058H,2026-09-23T13:58:34.532832,14.91008157,.01406292,64.7756,329.6088,21.7665,338.9341,0,U,40971,999,12822,.11120858E-3,.1146E-4,0
PROPCUBE 3,2015-058K,2026-09-23T12:08:20.459040,14.94792504,.01322598,64.7669,305.2004,22.7580,337.9321,0,U,40973,999,12949,.1516665E-3,.178E-4,0
BISONSAT,2015-058L,2026-09-23T07:21:05.546880,15.18282781,.00865237,64.7568,215.8636,5.5290,354.6769,0,U,40974,999,13050,.55324002E-3,.12375E-3,0
SNAP-3 JIMI,2015-058M,2026-09-23T00:18:06.945696,15.03207766,.01144204,64.7630,270.0051,17.7704,342.7364,0,U,40975,999,12892,.3279506E-3,.4946E-4,0
PROPCUBE 1 (FLORA),2015-058N,2026-09-23T13:28:03.704736,14.89627858,.01390084,64.7751,350.2361,24.0313,336.7201,0,U,40976,999,13091,.10570454E-3,.1032E-4,0
SINOD-D 3,2015-058P,2026-09-23T13:15:08.225856,14.94594351,.01276385,64.7719,328.4963,20.8732,339.7526,0,U,40977,999,12945,.14470735E-3,.1659E-4,0
RAVAN,2016-067B,2026-09-23T04:34:15.017376,15.66113650,.00043305,97.9711,167.8321,56.8034,303.3639,0,U,41849,999,54297,.66518504E-3,.68522E-3,0
CELTEE 1,2016-067C,2026-09-22T21:26:10.470336,15.20494056,.00006117,98.0508,139.1055,91.7993,268.3311,0,U,41850,999,54072,.15472785E-3,.3302E-4,0
OPTICUBE 04,2016-067D,2026-09-23T13:28:40.154304,15.09996660,.00162937,98.0568,123.9467,140.4851,219.7568,0,U,41851,999,54001,.99343979E-4,.1547E-4,0
AEROCUBE 8D,2016-067E,2026-09-23T09:08:03.060672,15.25581375,.00041993,98.0511,144.0282,134.2980,225.8601,0,U,41852,999,54103,.20960059E-3,.524E-4,0
AEROCUBE 8C,2016-067F,2026-09-23T14:03:42.439968,15.25845565,.00066827,98.0387,141.3534,81.8565,278.3430,0,U,41853,999,54106,.22268723E-3,.5619E-4,0
CORVUS BC2,2017-042X,2026-09-23T10:15:44.405856,15.06806094,.00141353,97.4184,64.0686,130.9263,229.3191,0,U,42846,999,50185,.141751E-3,.2055E-4,0
CORVUS BC1,2017-042Y,2026-09-23T09:52:53.573088,15.06952361,.00131039,97.4205,64.9294,109.7236,250.5407,0,U,42847,999,50188,.13377455E-3,.1944E-4,0
MAKERSAT 0,2017-073D,2026-09-22T15:29:53.316672,15.35746229,.00966693,97.4452,149.0749,285.7181,73.3416,0,U,43016,999,48140,.39858658E-3,.16112E-3,0
SIRION PATHFINDER-2,2018-099B,2026-09-23T09:38:01.414464,15.15243714,.00075816,97.4162,313.1189,328.3429,31.7346,0,U,43759,999,42749,.1695271E-3,.3123E-4,0
CORVUS BC4,2018-099K,2026-09-23T08:16:10.839360,15.13142509,.00088638,97.3982,306.4469,32.3222,327.8551,0,U,43767,999,42724,.15886236E-3,.2754E-4,0
M2 PATHFINDER,2020-037E,2026-09-23T12:32:01.539456,15.05045962,.00114383,97.8126,98.8912,172.7672,187.3721,0,U,45727,999,34028,.91458497E-4,.1236E-4,0
NETSAT-4,2020-068U,2026-09-23T00:38:34.874592,15.46941751,.00038859,97.8605,282.3685,352.2455,7.8733,0,U,46504,999,33088,.30151688E-3,.15104E-3,0
NETSAT-3,2020-068V,2026-09-23T13:24:49.017888,15.45779093,.00043491,97.8667,281.0494,9.9576,350.1757,0,U,46505,999,33086,.28678211E-3,.13796E-3,0
NETSAT-1,2020-068W,2026-09-23T00:08:11.451840,15.36635332,.00054809,97.8786,273.5559,42.8674,317.2995,0,U,46506,999,33031,.27085431E-3,.9605E-4,0
NETSAT-2,2020-068X,2026-09-23T13:14:20.599584,15.49757033,.00037971,97.8609,283.2552,29.1946,330.9516,0,U,46507,999,33095,.27589732E-3,.15238E-3,0
GREENCUBE (IO-117),2022-080E,2026-09-21T23:45:44.906112,6.42583799,.00092157,70.1205,264.5719,268.7723,91.1881,0,U,53109,999,9828,0,-.3E-7,0
SITRO-AIS 5 (KATYS),2023-091L,2026-09-23T12:50:44.139840,15.31393620,.00121701,97.4966,331.4550,112.4695,247.7836,0,U,57176,999,17938,.3000201E-3,.9038E-4,0
SITRO-AIS 6 (CHIRKIN),2023-091AC,2026-09-23T11:45:56.212416,15.27515726,.00125001,97.4974,329.9808,117.5257,242.7254,0,U,57192,999,17928,.25784399E-3,.688E-4,0
SITRO-AIS 8 (ANOKHIN),2023-091AD,2026-09-23T11:57:31.610592,15.34471605,.00110629,97.4965,333.4372,108.7563,251.4881,0,U,57193,999,17951,.30471008E-3,.10114E-3,0
SITRO-AIS 7 (FARTUSHNIY),2023-091AE,2026-09-23T12:21:23.745024,15.27160982,.00124211,97.4968,329.7750,118.5418,241.7073,0,U,57194,999,17927,.27632152E-3,.7299E-4,0
SITRO-AIS 10 (BURDAEV),2023-091AK,2026-09-23T12:53:57.156576,15.42051025,.00070435,97.4994,339.6299,83.6127,276.5922,0,U,57199,999,17990,.37053322E-3,.15757E-3,0
SITRO-AIS 9 (SHCHUKIN),2023-091AM,2026-09-23T12:48:07.841376,15.41447881,.0007308,97.4992,339.2708,84.0061,276.2019,0,U,57201,999,17988,.36893365E-3,.15377E-3,0
SITRO-AIS 12 (SMIRENNIY),2023-091AQ,2026-09-23T12:06:50.886432,15.41767793,.00068833,97.5007,339.7727,79.1209,281.0812,0,U,57204,999,17990,.33050363E-3,.1391E-3,0
SITRO-AIS 11 (SHEFFER),2023-091AU,2026-09-23T11:43:23.496096,15.42280200,.00068288,97.5006,340.0710,78.7523,281.4491,0,U,57208,999,17992,.38564008E-3,.1653E-3,0
SITRO-AIS 25,2024-039R,2026-09-23T15:31:51.523104,14.94079293,.01424937,95.3811,302.7193,344.3918,15.2936,0,U,59066,999,13942,.22176793E-3,.286E-4,0
SITRO-AIS 26,2024-039S,2026-09-23T14:17:29.947200,14.93860189,.01429195,95.3812,302.5605,345.2971,14.4116,0,U,59067,999,13940,.19356797E-3,.248E-4,0
SITRO-AIS 27,2024-039T,2026-09-23T14:30:24.391008,14.94297228,.01419114,95.3813,302.8851,343.6388,16.0279,0,U,59068,999,13943,.16623383E-3,.2144E-4,0
SITRO-AIS 28,2024-039U,2026-09-23T15:31:07.010688,14.94331610,.01417296,95.3814,302.9667,343.2936,16.3645,0,U,59071,999,13944,.21757802E-3,.2819E-4,0
GRBBETA,2024-128C,2026-09-23T11:48:23.683392,15.07213608,.00261806,61.9885,231.2027,156.3141,203.9164,0,U,60237,999,12108,.17212119E-3,.2406E-4,0
OOV-CUBE (TUBSAT-30),2024-128F,2026-09-23T09:19:20.460864,15.03118730,.00306765,61.9930,243.0547,156.7286,203.5202,0,U,60240,999,12087,.10919197E-3,.1282E-4,0
ROBUSTA-3A (MEDITERRANEE),2024-128J,2026-09-23T07:49:13.520352,15.12784029,.00273491,61.9850,220.8784,147.5906,212.6877,0,U,60243,999,12126,.24885268E-3,.42E-4,0
LASARSAT,2024-247Q,2026-09-21T21:08:43.769760,15.52514070,.00099194,44.9720,76.3897,243.9896,115.9975,0,U,62391,999,9831,.5331792E-3,.33279E-3,0
CROCUBE,2024-247T,2026-09-20T21:29:05.993664,15.55439305,.00105,44.9695,77.3471,248.1402,111.8375,0,U,62394,999,9821,.55900266E-3,.38917E-3,0
FORESAIL-1 PRIME,2025-276DS,2026-09-23T03:29:33.565632,15.19396741,.00037202,97.4119,337.6234,112.6546,247.5082,0,U,66778,999,4527,.16013182E-3,.3322E-4,0
KNACKSAT-2,1998-067XZ,2026-09-23T03:19:18.496992,15.69835381,.00083711,51.6249,158.3566,197.6801,162.3906,0,U,67683,999,3561,.44205349E-3,.5377E-3,0
MARINA,2026-156BD,2026-09-22T22:24:27.566496,14.92186890,.00058823,97.7435,165.1079,255.2687,104.7880,0,U,69920,999,1157,.16275675E-3,.1602E-4,0
